{"cameraMode":{"drawMode":0,"name":"Shaded","section":"Shading Mode"},"sceneLighting":false,"audioPlay":false,"sceneViewState":{"showFog":true,"showMaterialUpdate":false,"showSkybox":true,"showFlares":true,"showImageEffects":true,"showParticleSystems":true},"in2DMode":false,"pivot":{"x":4.39569616317749,"y":-0.2844820022583008,"z":14.447578430175782},"rotation":{"x":0.01829218678176403,"y":0.913851797580719,"z":-0.40351682901382449,"w":0.04142653942108154},"size":12.520991325378418,"orthographic":false}