{"cameraMode":{"drawMode":0,"name":"Shaded","section":"Shading Mode"},"sceneLighting":false,"audioPlay":false,"sceneViewState":{"showFog":true,"showMaterialUpdate":false,"showSkybox":false,"showFlares":true,"showImageEffects":true,"showParticleSystems":true},"in2DMode":false,"pivot":{"x":5.960464477539063e-8,"y":0.4161189794540405,"z":0.0},"rotation":{"x":-0.36875730752944949,"y":0.07294074445962906,"z":-0.029046619310975076,"w":-0.9262142181396484},"size":3.264082908630371,"orthographic":false}