{"cameraMode":{"drawMode":0,"name":"Shaded","section":"Shading Mode"},"sceneLighting":false,"audioPlay":false,"sceneViewState":{"showFog":true,"showMaterialUpdate":false,"showSkybox":false,"showFlares":true,"showImageEffects":true,"showParticleSystems":true},"in2DMode":false,"pivot":{"x":0.0,"y":1.148146390914917,"z":0.028115734457969667},"rotation":{"x":0.04400024935603142,"y":0.06348790228366852,"z":0.0027978220023214819,"w":-0.9970176815986633},"size":4.469424247741699,"orthographic":false}