{"cameraMode":{"drawMode":0,"name":"Shaded","section":"Shading Mode"},"sceneLighting":false,"audioPlay":false,"sceneViewState":{"showFog":true,"showMaterialUpdate":false,"showSkybox":false,"showFlares":true,"showImageEffects":true,"showParticleSystems":true},"in2DMode":false,"pivot":{"x":-1.1920928955078126e-7,"y":1.526086449623108,"z":1.1920928955078126e-7},"rotation":{"x":0.5613409876823425,"y":0.08919632434844971,"z":-0.0610317699611187,"w":0.8205094933509827},"size":5.232872009277344,"orthographic":false}