{"cameraMode":{"drawMode":0,"name":"Shaded","section":"Shading Mode"},"sceneLighting":false,"audioPlay":false,"sceneViewState":{"showFog":true,"showMaterialUpdate":false,"showSkybox":true,"showFlares":true,"showImageEffects":true,"showParticleSystems":true},"in2DMode":false,"pivot":{"x":-4.871480941772461,"y":2.921346664428711,"z":36.5908203125},"rotation":{"x":0.218543142080307,"y":-0.7612045407295227,"z":0.5200956463813782,"w":0.3198563754558563},"size":15.08184814453125,"orthographic":false}