{"cameraMode":{"drawMode":0,"name":"Shaded","section":"Shading Mode"},"sceneLighting":false,"audioPlay":false,"sceneViewState":{"showFog":true,"showMaterialUpdate":false,"showSkybox":true,"showFlares":true,"showImageEffects":true,"showParticleSystems":true},"in2DMode":false,"pivot":{"x":-2.665313720703125,"y":-5.703208923339844,"z":40.65119934082031},"rotation":{"x":-0.6135777235031128,"y":-0.15498656034469605,"z":0.12443803995847702,"w":-0.764212965965271},"size":50.57472610473633,"orthographic":false}