{"cameraMode":{"drawMode":0,"name":"Shaded","section":"Shading Mode"},"sceneLighting":false,"audioPlay":false,"sceneViewState":{"showFog":true,"showMaterialUpdate":false,"showSkybox":false,"showFlares":true,"showImageEffects":true,"showParticleSystems":true},"in2DMode":false,"pivot":{"x":0.0,"y":1.0002720355987549,"z":-0.03883965313434601},"rotation":{"x":-0.1671551913022995,"y":-0.8199998140335083,"z":0.4586773216724396,"w":-0.29885539412498476},"size":3.481635332107544,"orthographic":false}