{"cameraMode":{"drawMode":0,"name":"Shaded","section":"Shading Mode"},"sceneLighting":false,"audioPlay":false,"sceneViewState":{"showFog":true,"showMaterialUpdate":false,"showSkybox":false,"showFlares":true,"showImageEffects":true,"showParticleSystems":true},"in2DMode":false,"pivot":{"x":8.09000015258789,"y":0.5499999523162842,"z":7.900000095367432},"rotation":{"x":0.47708946466445925,"y":0.013181217014789582,"z":-0.007156900595873594,"w":0.8787317872047424},"size":8.573650360107422,"orthographic":false}