{"cameraMode":{"drawMode":0,"name":"Shaded","section":"Shading Mode"},"sceneLighting":false,"audioPlay":false,"sceneViewState":{"showFog":true,"showMaterialUpdate":false,"showSkybox":false,"showFlares":true,"showImageEffects":true,"showParticleSystems":true},"in2DMode":false,"pivot":{"x":-0.6601862907409668,"y":-8.117359161376954,"z":-3.525357246398926},"rotation":{"x":0.0649711862206459,"y":0.8082118034362793,"z":-0.578210711479187,"w":0.09081745147705078},"size":50.261844635009769,"orthographic":false}