{"cameraMode":{"drawMode":0,"name":"Shaded","section":"Shading Mode"},"sceneLighting":false,"audioPlay":false,"sceneViewState":{"showFog":true,"showMaterialUpdate":false,"showSkybox":false,"showFlares":true,"showImageEffects":true,"showParticleSystems":true},"in2DMode":false,"pivot":{"x":-0.004958108067512512,"y":0.43974974751472475,"z":-0.0047534555196762089},"rotation":{"x":-0.36875730752944949,"y":0.07294074445962906,"z":-0.029046619310975076,"w":-0.9262142181396484},"size":1.808411955833435,"orthographic":false}