{"cameraMode":{"drawMode":0,"name":"Shaded","section":"Shading Mode"},"sceneLighting":false,"audioPlay":false,"sceneViewState":{"showFog":true,"showMaterialUpdate":false,"showSkybox":false,"showFlares":true,"showImageEffects":true,"showParticleSystems":true},"in2DMode":false,"pivot":{"x":-0.014268636703491211,"y":3.0002877712249758,"z":0.0},"rotation":{"x":-0.706456184387207,"y":0.004889354109764099,"z":-0.004879815969616175,"w":-0.7077274322509766},"size":14.172378540039063,"orthographic":false}