{"cameraMode":{"drawMode":0,"name":"Shaded","section":"Shading Mode"},"sceneLighting":false,"audioPlay":false,"sceneViewState":{"showFog":true,"showMaterialUpdate":false,"showSkybox":true,"showFlares":true,"showImageEffects":true,"showParticleSystems":true},"in2DMode":false,"pivot":{"x":1.8952529430389405,"y":1.0460891723632813,"z":13.836160659790039},"rotation":{"x":-0.6351534724235535,"y":0.021077707409858705,"z":-0.01733795553445816,"w":-0.7719228267669678},"size":26.161380767822267,"orthographic":false}