{"cameraMode":{"drawMode":0,"name":"Shaded","section":"Shading Mode"},"sceneLighting":false,"audioPlay":false,"sceneViewState":{"showFog":true,"showMaterialUpdate":false,"showSkybox":true,"showFlares":true,"showImageEffects":true,"showParticleSystems":true},"in2DMode":false,"pivot":{"x":9.01989459991455,"y":4.3810882568359379,"z":7.724668979644775},"rotation":{"x":0.4645131528377533,"y":-0.3713516592979431,"z":0.22335697710514069,"w":0.7722951769828796},"size":26.419782638549806,"orthographic":false}