{"cameraMode":{"drawMode":0,"name":"Shaded","section":"Shading Mode"},"sceneLighting":false,"audioPlay":false,"sceneViewState":{"showFog":true,"showMaterialUpdate":false,"showSkybox":true,"showFlares":true,"showImageEffects":true,"showParticleSystems":true},"in2DMode":false,"pivot":{"x":8.09000015258789,"y":0.5499999523162842,"z":7.900000095367432},"rotation":{"x":0.2534858286380768,"y":0.1526261866092682,"z":-0.04013838618993759,"w":0.9543826580047607},"size":8.573650360107422,"orthographic":false}