{"cameraMode":{"drawMode":0,"name":"Shaded","section":"Shading Mode"},"sceneLighting":false,"audioPlay":false,"sceneViewState":{"showFog":true,"showMaterialUpdate":false,"showSkybox":true,"showFlares":true,"showImageEffects":true,"showParticleSystems":true},"in2DMode":false,"pivot":{"x":0.012377381324768067,"y":0.6043410301208496,"z":1.787043809890747},"rotation":{"x":0.44913989305496218,"y":0.1270861178636551,"z":-0.06471458077430725,"w":0.8820076584815979},"size":5.6040873527526859,"orthographic":false}