{"cameraMode":{"drawMode":0,"name":"Shaded","section":"Shading Mode"},"sceneLighting":false,"audioPlay":false,"sceneViewState":{"showFog":true,"showMaterialUpdate":false,"showSkybox":true,"showFlares":true,"showImageEffects":true,"showParticleSystems":true},"in2DMode":false,"pivot":{"x":1.5763626098632813,"y":-2.1306381225585939,"z":10.907930374145508},"rotation":{"x":-0.4372480809688568,"y":-0.39795225858688357,"z":0.22463898360729218,"w":-0.7745915651321411},"size":25.050392150878908,"orthographic":false}