{"cameraMode":{"drawMode":0,"name":"Shaded","section":"Shading Mode"},"sceneLighting":false,"audioPlay":false,"sceneViewState":{"showFog":true,"showMaterialUpdate":false,"showSkybox":true,"showFlares":true,"showImageEffects":true,"showParticleSystems":true},"in2DMode":false,"pivot":{"x":3.5785293579101564,"y":0.06333351135253906,"z":15.645084381103516},"rotation":{"x":0.48763296008110049,"y":0.007857025600969792,"z":-0.004388998728245497,"w":0.8730039596557617},"size":91.45227813720703,"orthographic":false}