{"cameraMode":{"drawMode":0,"name":"Shaded","section":"Shading Mode"},"sceneLighting":false,"audioPlay":false,"sceneViewState":{"showFog":true,"showMaterialUpdate":false,"showSkybox":false,"showFlares":true,"showImageEffects":true,"showParticleSystems":true},"in2DMode":false,"pivot":{"x":-0.014268636703491211,"y":3.0002877712249758,"z":2.6500000953674318},"rotation":{"x":0.24446161091327668,"y":0.1605592519044876,"z":-0.041083164513111117,"w":0.9553955793380737},"size":14.172378540039063,"orthographic":true}