{"cameraMode":{"drawMode":0,"name":"Shaded","section":"Shading Mode"},"sceneLighting":false,"audioPlay":false,"sceneViewState":{"showFog":true,"showMaterialUpdate":false,"showSkybox":true,"showFlares":true,"showImageEffects":true,"showParticleSystems":true},"in2DMode":false,"pivot":{"x":0.4042778015136719,"y":0.9847640991210938,"z":4.477903842926025},"rotation":{"x":0.39028990268707278,"y":0.2334386706352234,"z":-0.10299068689346314,"w":0.8846383690834045},"size":20.25046730041504,"orthographic":false}